{"stat.useItem.274":129,"stat.craftItem.263":1,"stat.walkOneCm":71710,"stat.leaveGame":3,"stat.mineBlock.175":1,"stat.mineBlock.16":36,"stat.mineBlock.15":9,"stat.jump":162,"stat.swimOneCm":7287,"stat.fallOneCm":1854,"achievement.mineWood":7,"achievement.exploreAllBiomes":{"value":0,"progress":["Savanna Plateau","Beach","River","Ocean","Savanna"]},"stat.breakItem.270":1,"achievement.openInventory":29,"stat.craftItem.5":28,"stat.mineBlock.162":7,"stat.craftItem.280":8,"stat.damageTaken":575,"stat.mineBlock.4":3,"stat.mineBlock.3":6,"stat.mineBlock.1":139,"stat.mobKills":3,"stat.craftItem.272":1,"stat.useItem.54":2,"stat.flyOneCm":6103,"stat.craftItem.274":1,"stat.drop":4,"stat.useItem.50":4,"stat.useItem.269":5,"stat.playOneMinute":29073,"stat.craftItem.50":4,"stat.useItem.4":41,"stat.craftItem.270":1,"stat.craftItem.54":2,"stat.useItem.3":5,"stat.damageDealt":895,"stat.killEntity.Zombie":3,"stat.craftItem.269":1,"stat.mineBlock.30":4,"stat.useItem.270":59,"stat.mineBlock.31":11,"stat.useItem.272":16}