{"stat.useItem.274":213,"stat.craftItem.263":1,"stat.walkOneCm":138969,"stat.leaveGame":5,"stat.mineBlock.175":1,"stat.entityKilledBy.Witch":3,"stat.mineBlock.13":1,"stat.mineBlock.16":49,"stat.mineBlock.15":53,"stat.jump":275,"stat.swimOneCm":7287,"stat.useItem.324":1,"stat.fallOneCm":3691,"achievement.mineWood":10,"stat.craftItem.324":1,"stat.mineBlock.50":2,"achievement.exploreAllBiomes":{"value":0,"progress":["Savanna Plateau","Beach","River","Ocean","Savanna"]},"stat.killEntity.Skeleton":1,"stat.breakItem.270":1,"stat.breakItem.274":1,"achievement.openInventory":46,"stat.craftItem.5":40,"stat.mineBlock.162":7,"stat.craftItem.280":12,"stat.damageTaken":4325,"stat.mineBlock.4":3,"stat.killEntity.Spider":1,"stat.mineBlock.3":7,"stat.mineBlock.1":159,"stat.mobKills":9,"stat.craftItem.272":1,"stat.useItem.54":2,"stat.flyOneCm":10824,"stat.craftItem.274":2,"stat.craftItem.275":1,"stat.deaths":5,"stat.drop":4,"stat.useItem.50":10,"stat.useItem.269":5,"stat.playOneMinute":43641,"stat.killEntity.Witch":1,"stat.craftItem.50":4,"stat.useItem.4":51,"stat.craftItem.270":1,"stat.craftItem.54":2,"stat.useItem.3":5,"stat.damageDealt":2336,"stat.killEntity.Zombie":4,"stat.craftItem.269":1,"stat.mineBlock.30":4,"stat.useItem.270":59,"stat.mineBlock.31":12,"stat.useItem.272":33}