{"stat.useItem.274":107,"stat.craftItem.263":1,"stat.walkOneCm":62791,"stat.breakItem.270":1,"achievement.openInventory":28,"stat.craftItem.5":28,"stat.leaveGame":1,"stat.mineBlock.162":7,"stat.craftItem.280":8,"stat.damageTaken":60,"stat.mineBlock.4":3,"stat.mineBlock.3":6,"stat.mineBlock.175":1,"stat.mineBlock.1":133,"stat.craftItem.272":1,"stat.useItem.54":2,"stat.flyOneCm":5524,"stat.craftItem.274":1,"stat.mineBlock.16":20,"stat.mineBlock.15":9,"stat.drop":4,"stat.useItem.50":4,"stat.jump":141,"stat.useItem.269":5,"stat.playOneMinute":18525,"stat.fallOneCm":1854,"stat.craftItem.50":4,"stat.useItem.4":15,"stat.craftItem.270":1,"stat.craftItem.54":2,"stat.useItem.3":5,"stat.damageDealt":355,"achievement.mineWood":7,"stat.craftItem.269":1,"stat.mineBlock.30":4,"achievement.exploreAllBiomes":{"value":0,"progress":["Savanna Plateau","Beach","River","Ocean","Savanna"]},"stat.useItem.270":59,"stat.mineBlock.31":11,"stat.useItem.272":8}