{"stat.leaveGame":5,"stat.entityKilledBy.Witch":3,"stat.mineBlock.14":5,"stat.mineBlock.13":1,"stat.mineBlock.16":58,"stat.mineBlock.15":64,"stat.jump":364,"stat.swimOneCm":7287,"stat.fallOneCm":4535,"achievement.buildWorkBench":1,"stat.craftItem.324":1,"achievement.exploreAllBiomes":{"value":0,"progress":["Savanna Plateau","Beach","River","Ocean","Savanna"]},"stat.craftItem.5":40,"stat.damageTaken":4655,"stat.mineBlock.4":5,"stat.mineBlock.3":7,"stat.mineBlock.1":179,"stat.useItem.54":2,"stat.flyOneCm":13949,"stat.useItem.50":10,"achievement.buildPickaxe":2,"stat.killEntity.Witch":1,"stat.damageDealt":2396,"achievement.buildBetterPickaxe":2,"stat.mineBlock.73":7,"stat.useItem.58":1,"stat.useItem.274":221,"stat.craftItem.263":1,"stat.walkOneCm":174727,"stat.mineBlock.175":1,"stat.mineBlock.58":1,"stat.useItem.324":1,"stat.craftItem.257":1,"achievement.mineWood":10,"stat.mineBlock.50":2,"stat.mineBlock.56":6,"stat.killEntity.Skeleton":1,"stat.breakItem.270":1,"stat.useItem.257":53,"stat.breakItem.274":1,"achievement.openInventory":55,"stat.mineBlock.162":7,"stat.craftItem.280":12,"stat.killEntity.Spider":1,"stat.mobKills":9,"stat.craftItem.272":1,"stat.craftItem.274":2,"stat.craftItem.58":1,"stat.craftItem.275":1,"stat.deaths":5,"stat.drop":4,"stat.useItem.269":5,"stat.playOneMinute":49473,"stat.craftItem.50":4,"stat.useItem.4":83,"stat.craftItem.270":1,"stat.craftItem.54":2,"stat.useItem.3":5,"stat.killEntity.Zombie":4,"stat.craftItem.269":1,"stat.mineBlock.30":4,"stat.useItem.270":59,"stat.mineBlock.31":12,"stat.useItem.272":34}