{"stat.useItem.274":9,"stat.craftItem.263":1,"stat.walkOneCm":34856,"stat.breakItem.270":1,"achievement.openInventory":16,"stat.craftItem.5":28,"stat.leaveGame":1,"stat.mineBlock.162":7,"stat.craftItem.280":8,"stat.damageTaken":45,"stat.mineBlock.3":5,"stat.mineBlock.175":1,"stat.mineBlock.1":67,"stat.craftItem.272":1,"stat.useItem.54":2,"stat.flyOneCm":5327,"stat.craftItem.274":1,"stat.drop":1,"stat.useItem.50":3,"stat.jump":115,"stat.useItem.269":4,"stat.playOneMinute":11545,"stat.fallOneCm":1039,"stat.craftItem.50":4,"stat.useItem.4":4,"stat.craftItem.270":1,"stat.craftItem.54":2,"stat.damageDealt":115,"achievement.mineWood":7,"stat.craftItem.269":1,"achievement.exploreAllBiomes":{"value":0,"progress":["Savanna Plateau","Savanna"]},"stat.useItem.270":59,"stat.mineBlock.31":11}