{"stat.useItem.61":1,"stat.craftItem.61":1,"stat.leaveGame":2,"stat.mineBlock.16":69,"stat.mineBlock.15":10,"stat.mineBlock.17":6,"stat.jump":380,"stat.swimOneCm":9432,"stat.fallOneCm":5615,"achievement.buildWorkBench":2,"achievement.killCow":10,"achievement.exploreAllBiomes":{"value":0,"progress":["Savanna Plateau","Beach","River","Ocean","Savanna"]},"stat.craftItem.5":24,"stat.damageTaken":630,"stat.mineBlock.4":3,"stat.mineBlock.3":15,"stat.mineBlock.1":65,"stat.flyOneCm":45724,"stat.useItem.50":10,"achievement.buildPickaxe":4,"stat.damageDealt":2520,"achievement.buildBetterPickaxe":2,"stat.killEntity.Cow":13,"stat.useItem.58":2,"stat.useItem.274":130,"stat.craftItem.263":4,"stat.useItem.275":43,"stat.walkOneCm":108727,"stat.craftItem.265":5,"stat.mineBlock.58":1,"achievement.buildSword":2,"achievement.mineWood":26,"stat.breakItem.274":1,"achievement.openInventory":27,"stat.mineBlock.161":236,"stat.craftItem.280":16,"stat.mineBlock.162":28,"stat.killEntity.Spider":1,"stat.mobKills":17,"achievement.killEnemy":2,"stat.craftItem.272":1,"achievement.buildFurnace":2,"stat.craftItem.274":1,"stat.craftItem.58":1,"stat.craftItem.275":1,"achievement.acquireIron":3,"stat.drop":7,"stat.playOneMinute":26790,"stat.craftItem.50":16,"stat.useItem.4":13,"stat.craftItem.270":1,"stat.useItem.3":15,"stat.killEntity.Zombie":1,"stat.mineBlock.30":3,"stat.useItem.270":20,"stat.mineBlock.31":16,"stat.diveOneCm":365,"stat.useItem.272":15}