{"stat.useItem.274":9,"stat.craftItem.263":4,"stat.walkOneCm":28125,"stat.useItem.61":1,"achievement.openInventory":11,"stat.craftItem.5":24,"stat.craftItem.61":1,"stat.craftItem.280":12,"stat.mineBlock.162":5,"stat.damageTaken":405,"stat.mineBlock.3":13,"stat.mineBlock.1":20,"stat.mobKills":1,"stat.mineBlock.58":1,"achievement.buildFurnace":2,"stat.flyOneCm":17119,"stat.craftItem.58":1,"stat.craftItem.274":1,"stat.mineBlock.15":5,"stat.mineBlock.17":6,"stat.drop":2,"stat.jump":116,"achievement.buildPickaxe":4,"stat.playOneMinute":9635,"stat.fallOneCm":1717,"stat.craftItem.50":16,"achievement.buildWorkBench":2,"stat.craftItem.270":1,"stat.damageDealt":210,"achievement.buildBetterPickaxe":2,"stat.killEntity.Zombie":1,"achievement.mineWood":11,"achievement.exploreAllBiomes":{"value":0,"progress":["Savanna Plateau","Savanna"]},"stat.useItem.270":17,"stat.mineBlock.31":6,"stat.useItem.58":2}