{"stat.useItem.61":1,"stat.craftItem.61":1,"stat.leaveGame":4,"stat.killEntity.Slime":1,"stat.mineBlock.16":81,"stat.mineBlock.15":31,"stat.mineBlock.17":6,"stat.jump":471,"stat.swimOneCm":10775,"stat.fallOneCm":6459,"achievement.buildWorkBench":2,"achievement.killCow":10,"achievement.exploreAllBiomes":{"value":0,"progress":["Savanna Plateau","Beach","River","Ocean","Plains","Savanna"]},"stat.craftItem.364":27,"stat.craftItem.5":24,"stat.damageTaken":830,"stat.mineBlock.4":3,"stat.mineBlock.3":15,"stat.mineBlock.1":106,"stat.flyOneCm":50402,"stat.useItem.50":29,"achievement.buildPickaxe":6,"stat.damageDealt":3330,"achievement.buildBetterPickaxe":4,"stat.killEntity.Cow":13,"stat.useItem.58":2,"stat.useItem.274":203,"stat.craftItem.263":4,"stat.useItem.275":47,"stat.walkOneCm":179330,"stat.craftItem.265":10,"stat.useItem.162":3,"stat.mineBlock.58":1,"stat.craftItem.35":1,"achievement.buildSword":2,"achievement.mineWood":26,"stat.breakItem.274":1,"achievement.openInventory":28,"stat.mineBlock.161":236,"stat.craftItem.280":32,"stat.mineBlock.162":31,"stat.killEntity.Spider":1,"stat.mobKills":19,"achievement.killEnemy":4,"stat.craftItem.272":1,"achievement.buildFurnace":2,"stat.craftItem.274":2,"stat.craftItem.58":1,"stat.craftItem.275":1,"achievement.acquireIron":5,"stat.drop":9,"stat.playOneMinute":41095,"stat.craftItem.50":52,"stat.useItem.4":22,"stat.craftItem.270":1,"stat.useItem.3":15,"stat.killEntity.Zombie":1,"stat.mineBlock.30":33,"stat.useItem.270":22,"stat.mineBlock.31":21,"stat.diveOneCm":365,"stat.useItem.272":62}