{"stat.useItem.61":1,"stat.craftItem.61":1,"stat.leaveGame":2,"stat.mineBlock.16":19,"stat.mineBlock.15":10,"stat.mineBlock.17":6,"stat.jump":180,"stat.swimOneCm":7122,"stat.fallOneCm":1717,"achievement.buildWorkBench":2,"achievement.exploreAllBiomes":{"value":0,"progress":["Savanna Plateau","Beach","River","Ocean","Savanna"]},"stat.craftItem.5":24,"stat.damageTaken":440,"stat.mineBlock.3":15,"stat.mineBlock.1":56,"stat.flyOneCm":17285,"stat.useItem.50":8,"achievement.buildPickaxe":4,"stat.damageDealt":810,"achievement.buildBetterPickaxe":2,"stat.useItem.58":2,"stat.useItem.274":70,"stat.craftItem.263":4,"stat.walkOneCm":50668,"stat.craftItem.265":3,"stat.mineBlock.58":1,"achievement.buildSword":2,"achievement.mineWood":11,"achievement.openInventory":24,"stat.craftItem.280":12,"stat.mineBlock.162":5,"stat.killEntity.Spider":1,"stat.mobKills":3,"achievement.killEnemy":2,"stat.craftItem.272":1,"achievement.buildFurnace":2,"stat.craftItem.274":1,"stat.craftItem.58":1,"achievement.acquireIron":1,"stat.drop":7,"stat.playOneMinute":17573,"stat.craftItem.50":16,"stat.useItem.4":6,"stat.craftItem.270":1,"stat.useItem.3":15,"stat.killEntity.Zombie":1,"stat.mineBlock.30":3,"stat.useItem.270":17,"stat.mineBlock.31":6,"stat.useItem.272":13}